Treatment ,Date ,Water level (m),Depth,Temperature,DO (mg/L),DO (% sat),Conductivity,Time,Secchi (m),GHG Vial Number,UGGA file name,UGGA run time,Fluoro timestamp,% Green tissue,Notes,Flowering Y/N,Budding Y/N,Senescence Y/N,% cover,TP,TN,SP,SN
B2,6/18/2025,0.1,0.1,21.3,9.34,104.1,52.1,NA,0.25,119,F0212,10:02,12:23,,,,,,,,,,
B2,6/18/2025,0.1,0.25,20.9,9.45,105.9,50.6,NA,0.25,119,F0212,10:02,12:23,,,,,,,,,,
B2,6/18/2025,0.1,0.5,20.5,9.35,104.1,85,NA,0.25,119,F0212,10:02,12:23,,,,,,,,,,
A4,6/18/2025,0.1,0.1,22.2,9.95,114,41.5,NA,0.3,285,NA,NA,12:30,,,,,,,,,,
A4,6/18/2025,0.1,0.25,21.8,10.02,113.1,41.2,NA,0.3,285,NA,NA,12:30,,,,,,,,,,
A4,6/18/2025,0.1,0.5,20.3,9.99,111.7,46.1,NA,0.3,285,NA,NA,12:30,,,,,,,,,,
C3,6/18/2025,0.1,0.1,22.1,10.16,116.6,38.6,NA,0.27,395,F0214,10:30,12:34,,bottles switched with C4,,,,,,,,
C3,6/18/2025,0.1,0.25,21.8,10.22,116.1,37.7,NA,0.27,395,F0214,10:30,12:34,,,,,,,,,,
C3,6/18/2025,0.1,0.5,20.6,8.89,96.3,61.6,NA,0.27,395,F0214,10:30,12:34,,,,,,,,,,
D4,6/18/2025,0.1,0.1,22.3,10.63,120.6,35.5,NA,0.26,354,F0215,10:43,12.37,,,,,,,,,,
D4,6/18/2025,0.1,0.25,21.9,10.51,118.3,35.1,NA,0.26,354,F0215,10:43,12.37,,,,,,,,,,
D4,6/18/2025,0.1,0.5,20.7,8.46,93.6,37,NA,0.26,354,F0215,10:43,12.37,,,,,,,,,,
D3,6/18/2025,0.1,0.1,22.8,9.35,108.7,36.2,NA,0.18,339,NA,NA,12:40,,,,,,,,,,
D3,6/18/2025,0.1,0.25,22.2,10.06,113.1,35.2,NA,0.18,339,NA,NA,12:40,,,,,,,,,,
D3,6/18/2025,0.1,0.5,20.6,7.97,87.5,38,NA,0.18,339,NA,NA,12:40,,,,,,,,,,
B1,6/18/2025,0.1,0.1,25.2,11.47,143.2,40.1,NA,0.19,227,F0213,10:14,12:43,,,,,,,,,,
B1,6/18/2025,0.1,0.25,23.5,11.09,128.7,37.5,NA,0.19,227,F0213,10:14,12:43,,,,,,,,,,
B1,6/18/2025,0.1,0.5,21.7,9.02,105.1,41.9,NA,0.19,227,F0213,10:14,12:43,,,,,,,,,,
A2,6/18/2025,0.1,0.1,26.3,13.78,164.8,30.7,NA,0.17,197,NA,NA,12:58,,,,,,,,,,
A2,6/18/2025,0.1,0.25,23,11.06,129.9,36,NA,0.17,197,NA,NA,12:58,,,,,,,,,,
A2,6/18/2025,0.1,0.5,21.7,8.02,92,126,NA,0.17,197,NA,NA,12:58,,,,,,,,,,
C2,6/18/2025,0.1,0.1,27.8,12.6,154,32.8,NA,0.13,377,NA,NA,13:00,,s bottle not filtered,,,,,,,,
C2,6/18/2025,0.1,0.25,24.3,8.32,97.6,33,NA,0.13,377,NA,NA,13:00,,,,,,,,,,
C2,6/18/2025,0.1,0.5,22.3,7.5,87.6,45,NA,0.13,377,NA,NA,13:00,,,,,,,,,,
B3,6/18/2025,0.1,0.1,26.5,9.57,118.3,34.6,NA,0.16,184,NA,NA,14:10,,s bottle not filtered,,,,,,,,
B3,6/18/2025,0.1,0.25,23.7,11.17,131.2,34.1,NA,0.16,184,NA,NA,14:10,,,,,,,,,,
B3,6/18/2025,0.1,0.5,21.4,4.02,45.2,37,NA,0.16,184,NA,NA,14:10,,,,,,,,,,
D1,6/18/2025,0.1,0.1,25.2,9.93,119.9,65.5,NA,0.12,225,NA,NA,14:10,,s bottle not filtered,,,,,,,,
D1,6/18/2025,0.1,0.25,23,8.36,96.6,65.8,NA,0.12,225,NA,NA,14:10,,,,,,,,,,
D1,6/18/2025,0.1,0.5,21.4,7.6,85.4,65.6,NA,0.12,225,NA,NA,14:10,,,,,,,,,,
A1,6/18/2025,0.1,0.1,25.1,7.68,92.6,33.5,NA,0.1,321,NA,NA,14:10,,s bottle not filtered,,,,,,,,
A1,6/18/2025,0.1,0.25,22.5,8.32,95.8,32.7,NA,0.1,321,NA,NA,14:15,,,,,,,,,,
A1,6/18/2025,0.1,0.5,21.7,7.16,80.9,33.8,NA,0.1,321,NA,NA,14:15,,,,,,,,,,
C4,6/18/2025,0.1,0.1,25.7,10.8,132.4,37.4,NA,0.13,381,NA,NA,14:20,,s bottle not filtered,,,,,,,,
C4,6/18/2025,0.1,0.25,24,10.18,120.2,34.7,NA,0.13,381,NA,NA,14:20,,,,,,,,,,
C4,6/18/2025,0.1,0.5,22,8.11,92.2,36.5,NA,0.13,381,NA,NA,14:20,,,,,,,,,,
C1,6/18/2025,0.1,0.1,24.3,9.11,108.2,33.6,NA,0.11,135,NA,NA,14:21,,s bottle not filtered,,,,,,,,
C1,6/18/2025,0.1,0.25,24,8.1,99.2,30.3,NA,0.11,135,NA,NA,14:21,,,,,,,,,,
C1,6/18/2025,0.1,0.5,24,8.47,100,33.7,NA,0.11,135,NA,NA,14:21,,,,,,,,,,
B4,6/18/2025,0.1,0.1,27.4,13.06,160.5,35.7,NA,0.12,151,NA,NA,14:25,,s bottle not filtered,,,,,,,,
B4,6/18/2025,0.1,0.25,24.4,12.08,150.4,34,NA,0.12,151,NA,NA,14:25,,,,,,,,,,
B4,6/18/2025,0.1,0.5,22.7,10.18,117.7,33.4,NA,0.12,151,NA,NA,14:25,,,,,,,,,,
D2,6/18/2025,0.1,0.1,27,17.6,222.4,45.4,NA,0.16,33,NA,NA,14:26,,s bottle not filtered,,,,,,,,
D2,6/18/2025,0.1,0.25,24,11.31,125.3,54.6,NA,0.16,33,NA,NA,14:26,,,,,,,,,,
D2,6/18/2025,0.1,0.5,24.2,10.72,126.5,55.1,NA,0.16,33,NA,NA,14:26,,,,,,,,,,
A3,6/18/2025,0.1,0.1,27,17.23,215.9,50.9,NA,0.13,108,NA,NA,14:27,,s bottle not filtered,,,,,,,,
A3,6/18/2025,0.1,0.25,24.2,10.04,119.6,50.6,NA,0.13,108,NA,NA,14:27,,,,,,,,,,
A3,6/18/2025,0.1,0.5,23.1,9.52,111.5,52.8,NA,0.13,108,NA,NA,14:27,,,,,,,,,,
Control 1,6/18/2025,0.1,0.1,23.1,6.83,80.2,50,NA,NA,111,NA,NA,14:32,,s bottle not filtered,,,,,,,,
Control 1,6/18/2025,0.1,0.3,22.6,6.61,75.9,49.8,NA,NA,111,NA,NA,14:32,,,,,,,,,,
Control 2,6/18/2025,0.1,0.1,22.4,6.88,80.2,51.2,NA,NA,168,NA,NA,14:33,,s bottle not filtered,,,,,,,,
Control 2,6/18/2025,0.1,0.2,22.4,6.91,78.8,50.3,NA,NA,168,NA,NA,14:33,,,,,,,,,,
B2,6/26/2025,0,0.1,23.6,4.65,54.1,56.2,9:15,0.3,"68 VD, 376 hand",NA,NA,11:29,,uncomp conductivity,Y,N,N,N,,,,
B2,6/26/2025,0,0.25,23.5,4.1,48.1,55.9,9:15,0.3,"68 VD, 376 hand",NA,NA,11:29,,uncomp conductivity,Y,N,N,N,,,,
B2,6/26/2025,0,0.5,23.4,1.45,18.1,56.4,9:15,0.3,"68 VD, 376 hand",NA,NA,11:29,,uncomp conductivity,Y,N,N,N,,,,
A4,6/26/2025,0,0.1,23.5,7.1,80.8,43.8,9:15,max,347,NA,NA,11:25,,uncomp conductivity,Y,N,N,N,,,,
A4,6/26/2025,0,0.25,23.5,7.21,84.1,43.7,9:15,max,347,NA,NA,11:25,,uncomp conductivity,Y,N,N,N,,,,
A4,6/26/2025,0,0.5,22,1.03,12.1,45.3,9:17,max,347,NA,NA,11:25,,uncomp conductivity,Y,N,N,N,,,,
C3,6/26/2025,0,0.1,23.4,1.28,15.3,92.1,9:18,1.45,407,NA,NA,11:20,,uncomp conductivity,Y,N,N,N,,,,
C3,6/26/2025,0,0.25,23.4,0.81,4.9,91.8,9:19,1.45,407,NA,NA,11:20,,uncomp conductivity,Y,N,N,N,,,,
C3,6/26/2025,0,0.5,23.1,0.5,5.7,94.4,9:19,1.45,407,NA,NA,11:20,,uncomp conductivity,Y,N,N,N,,,,
D4,6/26/2025,0,0.1,23.5,0.43,5,143.1,9:20,0.27,152,NA,NA,11:13,,uncomp conductivity,Y,N,N,N,,,,
D4,6/26/2025,0,0.25,23.4,0.39,4.7,143.9,9:22,0.27,152,NA,NA,11:13,,uncomp conductivity,Y,N,N,N,,,,
D4,6/26/2025,0,0.5,23,0.37,4.3,148.9,9:22,0.27,152,NA,NA,11:13,,uncomp conductivity,Y,N,N,N,,,,
D3,6/26/2025,0,0.1,23.5,0.53,6.5,135.9,9:24,0.28,74,NA,NA,11:14,,uncomp conductivity,Y,N,N,N,,,,
D3,6/26/2025,0,0.25,23.4,0.41,4.8,137.6,9:24,0.28,74,NA,NA,11:14,,uncomp conductivity,Y,N,N,N,,,,
D3,6/26/2025,0,0.5,23,0.37,4.4,163.5,9:25,0.28,74,NA,NA,11:14,,uncomp conductivity,Y,N,N,N,,,,
B1,6/26/2025,0,0.1,23.4,6.79,78.9,44.3,9:26,max,279,NA,NA,11:10,,uncomp conductivity,Y,N,N,N,,,,
B1,6/26/2025,0,0.25,23.5,9.79,79.7,44.3,9:27,max,279,NA,NA,11:10,,uncomp conductivity,Y,N,N,N,,,,
B1,6/26/2025,0,0.5,22.9,1.57,19.2,45.6,9:28,max,279,NA,NA,11:10,,uncomp conductivity,Y,N,N,N,,,,
A2,6/26/2025,0,0.1,23.2,7.61,87.8,34.1,9:28,0.25,288,NA,NA,11:08,,uncomp conductivity,Y,N,N,N,,,,
A2,6/26/2025,0,0.25,23.3,7.49,87.5,33.7,9:29,0.25,288,NA,NA,11:08,,uncomp conductivity,Y,N,N,N,,,,
A2,6/26/2025,0,0.5,22.2,4.43,50.5,35.5,9:30,0.25,288,NA,NA,11:08,,uncomp conductivity,Y,N,N,N,,,,
C2,6/26/2025,0,0.1,23.4,1.68,19.9,67.7,9:30,0.38,44,NA,NA,11:04,,uncomp conductivity,Y,N,N,N,,,,
C2,6/26/2025,0,0.25,23.4,0.85,10.3,65.6,9:31,0.38,44,NA,NA,11:04,,uncomp conductivity,Y,N,N,N,,,,
C2,6/26/2025,0,0.5,23.4,0.55,6.6,86.5,9:32,0.38,44,NA,NA,11:04,,uncomp conductivity,Y,N,N,N,,,,
B3,6/26/2025,0,0.1,23.7,5.45,64.2,43.4,9:34,max,203,NA,NA,11:01,,uncomp conductivity,Y,N,N,N,,,,
B3,6/26/2025,0,0.25,23.8,5.36,63.2,43.5,9:34,max,203,NA,NA,11:01,,uncomp conductivity,Y,N,N,N,,,,
B3,6/26/2025,0,0.5,22.8,1.19,14.1,44.1,9:35,max,203,NA,NA,11:01,,uncomp conductivity,Y,N,N,N,,,,
D1,6/26/2025,0,0.1,23.7,0.54,6.3,190.2,9:36,0.25,372,NA,NA,10:58,,uncomp conductivity,Y,N,N,N,,,,
D1,6/26/2025,0,0.25,23.7,0.45,5.5,193.3,9:36,0.25,372,NA,NA,10:58,,uncomp conductivity,Y,N,N,N,,,,
D1,6/26/2025,0,0.5,23.6,0.42,4.9,197.5,9:37,0.25,372,NA,NA,10:58,,uncomp conductivity,Y,N,N,N,,,,
A1,6/26/2025,0,0.1,23.6,7.77,89.5,32.5,9:38,0.32,368,NA,NA,10:54,,uncomp conductivity,Y,N,N,N,,,,
A1,6/26/2025,0,0.25,23.7,7.99,93.5,32.3,9:39,0.32,368,NA,NA,10:54,,uncomp conductivity,Y,N,N,N,,,,
A1,6/26/2025,0,0.5,23.1,5.12,59.8,33.1,9:40,0.32,368,NA,NA,10:54,,uncomp conductivity,Y,N,N,N,,,,
C4,6/26/2025,0,0.1,23.6,3.93,47,58,NA,max,384,NA,NA,10:51,,"uncomp conductivity, newt",Y,N,N,N,,,,
C4,6/26/2025,0,0.25,23.9,4.05,47.7,58.2,NA,max,384,NA,NA,10:51,,uncomp conductivity,Y,N,N,N,,,,
C4,6/26/2025,0,0.5,23.7,1.05,12.6,60.8,NA,max,384,NA,NA,10:51,,uncomp conductivity,Y,N,N,N,,,,
C1,6/26/2025,0,0.1,23.5,1.52,19.6,68.9,NA,max,130,NA,NA,10:49,,uncomp conductivity,Y,N,N,N,,,,
C1,6/26/2025,0,0.25,23.7,1.67,19.6,69,NA,max,130,NA,NA,10:49,,uncomp conductivity,Y,N,N,N,,,,
C1,6/26/2025,0,0.5,23.7,0.8,9.5,69.3,NA,max,130,NA,NA,10:49,,uncomp conductivity,Y,N,N,N,,,,
B4,6/26/2025,0,0.1,23.2,6.29,73.3,43.7,NA,max,359,NA,NA,10:46,,uncomp conductivity,Y,N,N,N,,,,
B4,6/26/2025,0,0.25,23.5,6.5,74.9,43.6,NA,max,359,NA,NA,10:46,,uncomp conductivity,Y,N,N,N,,,,
B4,6/26/2025,0,0.5,23.4,3.73,44.4,43.7,NA,max,359,NA,NA,10:46,,uncomp conductivity,Y,N,N,N,,,,
D2,6/26/2025,0,0.1,23.2,0.7,8.7,168.6,NA,0.31,273,NA,NA,10:44,,uncomp conductivity,Y,N,N,N,,,,
D2,6/26/2025,0,0.25,23.8,0.54,6.5,173.2,NA,0.31,273,NA,NA,10:44,,uncomp conductivity,Y,N,N,N,,,,
D2,6/26/2025,0,0.5,23.7,0.47,5.7,176.1,NA,0.31,273,NA,NA,10:44,,uncomp conductivity,Y,N,N,N,,,,
A3,6/26/2025,0,0.1,23.4,10.5,121.7,39.6,NA,0.45,73,NA,NA,10:43,,uncomp conductivity,Y,N,N,N,,,,
A3,6/26/2025,0,0.25,23.6,11,128.6,39.6,NA,0.45,73,NA,NA,10:43,,uncomp conductivity,Y,N,N,N,,,,
A3,6/26/2025,0,0.5,23.1,6.88,79.8,39.6,NA,0.45,73,NA,NA,10:43,,uncomp conductivity,Y,N,N,N,,,,
Control 1,6/26/2025,,0.1,23,6.37,73.4,54.8,10:33,NA,NA,NA,NA,11:31,,uncomp conductivity,,,,,,,,
Control 1,6/26/2025,,0.25,22.3,5.91,67.3,55.2,10:33,NA,NA,NA,NA,11:31,,uncomp conductivity,,,,,,,,
Control 1,6/26/2025,,0.5,22.2,5.64,65.1,60.1,10:33,NA,NA,NA,NA,11:31,,uncomp conductivity,,,,,,,,
Control 2,6/26/2025,,0.1,22.4,6.65,74.8,54.8,10:35,NA,NA,NA,NA,11:33,,uncomp conductivity,,,,,,,,
Control 2,6/26/2025,,0.25,22.2,6.76,76.9,55,10:35,NA,NA,NA,NA,11:33,,uncomp conductivity,,,,,,,,
Control 2,6/26/2025,,0.5,22.2,6.75,76.7,55.6,10:35,NA,NA,NA,NA,11:33,,uncomp conductivity,,,,,,,,
Control 1,6/30/2025,NA,0.1,21.8,6.58,74.5,NA,NA,NA,NA,NA,NA,NA,,,,,,,,,,
Control 1,6/30/2025,NA,0.25,21.5,6.36,71.5,NA,NA,NA,NA,NA,NA,NA,,,,,,,,,,
Control 1,6/30/2025,NA,0.5,21.1,5.02,56,NA,NA,NA,NA,NA,NA,NA,,,,,,,,,,
A3,6/30/2025,NA,0.1,23,7.48,86.6,NA,NA,NA,NA,NA,NA,NA,,,,,,,,,,
A3,6/30/2025,NA,0.25,22.7,7.49,86.3,NA,NA,NA,NA,NA,NA,NA,,,,,,,,,,
A3,6/30/2025,NA,0.5,21.7,4.33,48.8,NA,NA,NA,NA,NA,NA,NA,,,,,,,,,,
D2,6/30/2025,NA,0.1,23.3,0.62,7.3,NA,NA,NA,NA,NA,NA,NA,,,,,,,,,,
D2,6/30/2025,NA,0.25,23,0.54,6.3,NA,NA,NA,NA,NA,NA,NA,,,,,,,,,,
D2,6/30/2025,NA,0.5,22.7,0.49,5.7,NA,NA,NA,NA,NA,NA,NA,,,,,,,,,,
B4,6/30/2025,NA,0.1,24.6,6.4,76.6,NA,NA,NA,NA,NA,NA,NA,,,,,,,,,,
B4,6/30/2025,NA,0.25,23.3,6.56,76.4,NA,NA,NA,NA,NA,NA,NA,,,,,,,,,,
B4,6/30/2025,NA,0.5,22.8,6.97,80.4,NA,NA,NA,NA,NA,NA,NA,,,,,,,,,,
C1,6/30/2025,NA,0.1,24.3,3.4,40.3,NA,NA,NA,NA,NA,NA,NA,,,,,,,,,,
C1,6/30/2025,NA,0.25,23.5,2.98,31.3,NA,NA,NA,NA,NA,NA,NA,,,,,,,,,,
C1,6/30/2025,NA,0.5,23.1,2.25,26.2,NA,NA,NA,NA,NA,NA,NA,,,,,,,,,,
C4,6/30/2025,NA,0.1,24.5,4.8,57.1,NA,NA,NA,NA,NA,NA,NA,,two newts,,,,,,,,
C4,6/30/2025,NA,0.25,23.8,4.87,57,NA,NA,NA,NA,NA,NA,NA,,,,,,,,,,
C4,6/30/2025,NA,0.5,23.1,4.84,55.3,NA,NA,NA,NA,NA,NA,NA,,,,,,,,,,
A1,6/30/2025,NA,0.1,25.5,5.72,69.4,NA,NA,NA,NA,NA,NA,NA,,,,,,,,,,
A1,6/30/2025,NA,0.25,24,6.01,70.4,NA,NA,NA,NA,NA,NA,NA,,,,,,,,,,
A1,6/30/2025,NA,0.5,23.1,5.72,66.4,NA,NA,NA,NA,NA,NA,NA,,,,,,,,,,
D1,6/30/2025,NA,0.1,25.3,1.43,18.6,NA,NA,NA,NA,NA,NA,NA,,,,,,,,,,
D1,6/30/2025,NA,0.25,23.2,0.49,5.9,NA,NA,NA,NA,NA,NA,NA,,,,,,,,,,
D1,6/30/2025,NA,0.5,22.8,0.48,5.4,NA,NA,NA,NA,NA,NA,NA,,,,,,,,,,
B3,6/30/2025,NA,0.1,25.8,5.93,72.8,NA,NA,NA,NA,NA,NA,NA,,,,,,,,,,
B3,6/30/2025,NA,0.25,24.3,6.09,72.7,NA,NA,NA,NA,NA,NA,NA,,,,,,,,,,
B3,6/30/2025,NA,0.5,23.9,6.14,72.6,NA,NA,NA,NA,NA,NA,NA,,,,,,,,,,
Control 2,6/30/2025,NA,0.1,23,6.71,77.4,NA,NA,NA,NA,NA,NA,NA,,,,,,,,,,
Control 2,6/30/2025,NA,0.3,22.9,6.69,77.3,NA,NA,NA,NA,NA,NA,NA,,,,,,,,,,
C2,6/30/2025,NA,0.1,24.6,1.82,22.9,NA,NA,NA,NA,NA,NA,NA,,,,,,,,,,
C2,6/30/2025,NA,0.25,23.8,4.26,49.4,NA,NA,NA,NA,NA,NA,NA,,,,,,,,,,
C2,6/30/2025,NA,0.5,23.4,4.27,49.8,NA,NA,NA,NA,NA,NA,NA,,,,,,,,,,
A2,6/30/2025,NA,0.1,24.2,6.7,78.6,NA,NA,NA,NA,NA,NA,NA,,,,,,,,,,
A2,6/30/2025,NA,0.25,24,6.83,80.2,NA,NA,NA,NA,NA,NA,NA,,,,,,,,,,
A2,6/30/2025,NA,0.5,22.9,6.87,79.7,NA,NA,NA,NA,NA,NA,NA,,,,,,,,,,
B1,6/30/2025,NA,0.1,23.8,6.63,80.1,NA,NA,NA,NA,NA,NA,NA,,,,,,,,,,
B1,6/30/2025,NA,0.25,23.6,6.65,77.4,NA,NA,NA,NA,NA,NA,NA,,,,,,,,,,
B1,6/30/2025,NA,0.5,23.2,6.89,79.3,NA,NA,NA,NA,NA,NA,NA,,,,,,,,,,
D3,6/30/2025,NA,0.1,23.2,1.24,14.9,NA,NA,NA,NA,NA,NA,NA,,,,,,,,,,
D3,6/30/2025,NA,0.25,23.3,0.64,8,NA,NA,NA,NA,NA,NA,NA,,,,,,,,,,
D3,6/30/2025,NA,0.5,22.8,0.54,6.2,NA,NA,NA,NA,NA,NA,NA,,,,,,,,,,
D4,6/30/2025,NA,0.1,23.2,0.57,7.2,NA,NA,NA,NA,NA,NA,NA,,,,,,,,,,
D4,6/30/2025,NA,0.25,23.2,0.49,5.8,NA,NA,NA,NA,NA,NA,NA,,,,,,,,,,
D4,6/30/2025,NA,0.5,22.7,0.48,5.3,NA,NA,NA,NA,NA,NA,NA,,,,,,,,,,
C3,6/30/2025,NA,0.1,23,2.3,28,NA,NA,NA,NA,NA,NA,NA,,,,,,,,,,
C3,6/30/2025,NA,0.25,23,2.41,27.9,NA,NA,NA,NA,NA,NA,NA,,,,,,,,,,
C3,6/30/2025,NA,0.5,22.7,1.67,19.1,NA,NA,NA,NA,NA,NA,NA,,,,,,,,,,
A4,6/30/2025,NA,0.1,23,5.63,64.5,NA,NA,NA,NA,NA,NA,NA,,,,,,,,,,
A4,6/30/2025,NA,0.25,23.1,6.13,70.3,NA,NA,NA,NA,NA,NA,NA,,,,,,,,,,
A4,6/30/2025,NA,0.5,22.5,6.32,71.5,NA,NA,NA,NA,NA,NA,NA,,,,,,,,,,
B2,6/30/2025,NA,0.1,22.9,5.53,64.9,NA,NA,NA,NA,NA,NA,NA,,,,,,,,,,
B2,6/30/2025,NA,0.25,23,6.12,68.7,NA,NA,NA,NA,NA,NA,NA,,,,,,,,,,
B2,6/30/2025,NA,0.5,22.7,5.34,63,NA,NA,NA,NA,NA,NA,NA,,,,,,,,,,
B3,07/03/25,0,0.1,20.6,6.17,68.1,44.6,10:24,max,185,F0231,NA,12:02,,uncomp conductivity,,,,,,,,
B3,07/03/25,0,0.25,20.3,6.11,67.4,43.5,10:26,max,185,F0231,NA,12:02,,uncomp conductivity,,,,,,,,
B3,07/03/25,0,0.5,20.1,5.67,62,43.1,10:28,max,185,F0231,NA,12:02,,uncomp conductivity,,,,,,,,
D1,07/03/25,0,0.1,20.4,5.5,50,169.4,10:39,0.24,269,F0232,NA,12:07,,"uncomp conductivity, fly larvae",,,,,,,,
D1,07/03/25,0,0.25,20.3,4.5,0.41,162.4,10:41,0.24,269,F0232,NA,12:07,,uncomp conductivity,,,,,,,,
D1,07/03/25,0,0.5,19.9,4.4,0.4,171.7,10:45,0.24,269,F0232,NA,12:07,,uncomp conductivity,,,,,,,,
A1,07/03/25,0,0.1,20.4,7.08,77,34.7,10:47,0.36,378,F0233,NA,12:10,,uncomp conductivity,,,,,,,,
A1,07/03/25,0,0.25,20.3,6.9,75.4,34.3,10:50,0.36,378,F0233,NA,12:10,,uncomp conductivity,,,,,,,,
A1,07/03/25,0,0.5,20.1,4.45,48.3,33.8,10:54,0.36,378,F0233,NA,12:10,,uncomp conductivity,,,,,,,,
C4,07/03/25,0,0.1,20.6,5.05,55.3,61.5,11:14,max,217,"F0234, F0235",NA,12:05,,"uncomp conductivity, lots of newts",,,,,,,,
C4,07/03/25,0,0.25,20.5,4.9,54,61.2,11:16,max,217,"F0234, F0235",NA,12:05,,uncomp conductivity,,,,,,,,
C4,07/03/25,0,0.5,20.2,2.63,28.7,60.4,11:19,max,217,"F0234, F0235",NA,12:05,,uncomp conductivity,,,,,,,,
C1,07/03/25,0.1,0.1,20.6,4.22,46.6,63.7,11:26,max,191,F0236,NA,12:18,,"uncomp conductivity, s bottle not filtered",,,,,,,,
C1,07/03/25,0.1,0.25,20.6,4.07,45,63.6,11:28,max,191,F0236,NA,12:18,,uncomp conductivity,,,,,,,,
C1,07/03/25,0.1,0.5,20.2,3.9,42.2,63.5,11:30,max,191,F0236,NA,12:18,,uncomp conductivity,,,,,,,,
B4,07/03/25,0,0.1,20.6,6.84,75.7,44.9,11:31,max,123,F0237,NA,12:32,,uncomp conductivity,,,,,,,,
B4,07/03/25,0,0.25,20.6,6.91,75.8,44.3,11:31,max,123,F0237,NA,12:32,,uncomp conductivity,,,,,,,,
B4,07/03/25,0,0.5,20.1,7.02,76.8,44.1,11:32,max,123,F0237,NA,12:32,,uncomp conductivity,,,,,,,,
Control 1,07/03/25,0,0.1,21.7,6.48,72.1,54.1,11:38,NA,318,NA,NA,14:42,,"uncomp conductivity, s bottle not filtered",,,,,,,,
Control 1,07/03/25,0,0.2,21.7,6.01,67.4,53.8,11:38,NA,318,NA,NA,14:42,,uncomp conductivity,,,,,,,,
Control 1,07/03/25,0,0.3,21.6,5.87,66.5,56.8,11:41,NA,318,NA,NA,14:42,,uncomp conductivity,,,,,,,,
Control 2,07/03/25,0,0.1,21.6,6.8,76.4,53.9,11:41,NA,278,NA,NA,12:05,,uncomp conductivity,,,,,,,,
Control 2,07/03/25,0,0.2,21.6,6.68,75.8,53.8,11:46,NA,278,NA,NA,12:05,,uncomp conductivity,,,,,,,,
D2,07/03/25,0,0.1,22,0.92,9.9,165.1,11:46,0.18,213,F0238,NA,12:35,,uncomp conductivity,,,,,,,,
D2,07/03/25,0,0.25,21.3,0.73,7.7,166.1,11:46,0.18,213,F0238,NA,12:35,,uncomp conductivity,,,,,,,,
D2,07/03/25,0,0.5,20.9,0.61,6.5,167.4,11:46,0.18,213,F0238,NA,12:35,,uncomp conductivity,,,,,,,,
A3,07/03/25,0,0.1,22.6,9.05,104.2,39.7,12:21,max,274,F0239,NA,12:37,,uncomp conductivity,,,,,,,,
A3,07/03/25,0,0.25,22,8.7,98.9,39.3,12:21,max,274,F0239,NA,12:37,,uncomp conductivity,,,,,,,,
A3,07/03/25,0,0.5,21.6,8.71,98.8,38.6,12:21,max,274,F0239,NA,12:37,,uncomp conductivity,,,,,,,,
B2,07/03/25,0,0.1,21.8,7.53,85,52.5,12:23,0.35,173,F0240,NA,12:45,,uncomp conductivity,,,,,,,,
B2,07/03/25,0,0.25,22,7.02,78.5,51,12:23,0.35,173,F0240,NA,12:45,,uncomp conductivity,,,,,,,,
B2,07/03/25,0,0.5,21.3,6.94,77.1,50.9,12:23,0.35,173,F0240,NA,12:45,,uncomp conductivity,,,,,,,,
A4,07/03/25,0,0.1,24.9,5.76,68.5,43.7,12:45,max,373,F0241,NA,13:06,,uncomp conductivity,,,,,,,,
A4,07/03/25,0,0.25,22.5,5.43,61.4,43,12:45,max,373,F0241,NA,13:06,,uncomp conductivity,,,,,,,,
A4,07/03/25,0,0.5,21.7,5.5,62.1,42.4,12:45,max,373,F0241,NA,13:06,,uncomp conductivity,,,,,,,,
C3,07/03/25,0,0.1,21.5,3.97,48.4,83.3,13:02,0.2,NA,F0242,NA,14:35,,uncomp conductivity,,,,,,,,
C3,07/03/25,0,0.25,24.8,3.46,40.8,79.8,13:02,0.2,NA,F0242,NA,14:35,,uncomp conductivity,,,,,,,,
C3,07/03/25,0,0.5,23.2,4.7,55.1,76.2,13:03,0.2,NA,F0242,NA,14:35,,uncomp conductivity,,,,,,,,
D4,07/03/25,0,0.1,29.5,4.01,53.6,148.5,NA,0.31,27,F0247,NA,14:32,,"uncomp conductivity, s bottle not filtered",,,,,,,,
D4,07/03/25,0,0.25,24.8,1.51,17.2,143.1,NA,0.31,27,F0247,NA,14:32,,uncomp conductivity,,,,,,,,
D4,07/03/25,0,0.5,23.7,1.25,14.6,131.7,NA,0.31,27,F0247,NA,14:32,,uncomp conductivity,,,,,,,,
D3,07/03/25,0,0.1,26.8,5.1,63.6,127.7,NA,0.19,229,F0246,NA,14:21,,uncomp conductivity,,,,,,,,
D3,07/03/25,0,0.25,25.6,4.15,97.3,126.4,NA,0.19,229,F0246,NA,14:21,,uncomp conductivity,,,,,,,,
D3,07/03/25,0,0.5,24.6,3.15,36.8,117.6,NA,0.19,229,F0246,NA,14:21,,uncomp conductivity,,,,,,,,
B1,07/03/25,0,0.1,27.2,7.76,97.1,49.2,NA,max,140,F0245,NA,14:17,,uncomp conductivity,,,,,,,,
B1,07/03/25,0,0.25,25,7.26,86.5,47.3,NA,max,140,F0245,NA,14:17,,uncomp conductivity,,,,,,,,
B1,07/03/25,0,0.5,24.1,8.39,100.8,46.2,NA,max,140,F0245,NA,14:17,,uncomp conductivity,,,,,,,,
A2,07/03/25,0,0.1,27.9,7.34,92,36.4,NA,max,181,F0244,NA,13:36,,uncomp conductivity,,,,,,,,
A2,07/03/25,0,0.25,25.3,7.01,84.1,34.7,NA,max,181,F0244,NA,13:36,,uncomp conductivity,,,,,,,,
A2,07/03/25,0,0.5,23.4,7.3,85.1,36.4,NA,max,181,F0244,NA,13:36,,uncomp conductivity,,,,,,,,
C2,07/03/25,0,0.1,26.8,5.38,66.4,69.2,13:20,max,287,F0243,NA,14:38,,comp conducitvity,,,,,,,,
C2,07/03/25,0,0.25,25.4,5.73,68.7,67.4,13:20,max,287,F0243,NA,14:38,,comp conducitvity,,,,,,,,
C2,07/03/25,0,0.5,24,7.23,84.8,65.6,13:21,max,287,F0243,NA,14:38,,comp conducitvity,,,,,,,,
control 1,07/31/25,0,0.1,22.2,8.96,22.5,83.7,9:55,0.2,167,F0264,11:33,12:59,,,,,,,,,,
control 1,07/31/25,0,0.34,21.9,0.56,6.5,378,9:55,0.2,167,F0264,11:33,12:59,,,,,,,,,,
control 2,07/31/25,0,0.1,21.6,3.75,42.6,79.4,9:59,max,173,F0257,10:15,12:34,,,,,,,,,,
control 2,07/31/25,0,0.27,21.5,3.7,41.5,79.8,9:59,max,173,F0257,10:15,12:34,,,,,,,,,,
B3,07/31/25,0,0.1,25,8.32,100.2,41.7,10:27,max,335,F0255,9:55,12:26,,,,,,,,,,
B3,07/31/25,0,0.25,24.2,8.24,98.3,41.2,10:28,max,335,F0255,9:55,12:26,,,,,,,,,,
B3,07/31/25,0,0.5,23.4,6.37,75.1,42.9,10:29,max,335,F0255,9:55,12:26,,,,,,,,,,
D1,07/31/25,0,0.1,26.8,8.44,104.8,124.8,10:44,0.45,132,F0256,10:03,12:37,,,,,,,,,,
D1,07/31/25,0,0.25,26.2,8.61,105.1,124.2,10:44,0.45,132,F0256,10:03,12:37,,,,,,,,,,
D1,07/31/25,0,0.5,25.5,8.77,106,140.5,10:44,0.45,132,F0256,10:03,12:37,,,,,,,,,,
A1,07/31/25,0,0.1,24.7,7.55,91.9,38.2,10:57,max,287,F0258,10:25,12:40,,,,,,,,,,
A1,07/31/25,0,0.25,24.4,7.55,89.7,38.1,10:57,max,287,F0258,10:25,12:40,,,,,,,,,,
A1,07/31/25,0,0.5,23.9,6.36,75.6,39.2,10:57,max,287,F0258,10:25,12:40,,,,,,,,,,
C4,07/31/25,0,0.1,26,11.68,139.4,79.2,11:09,max,150,F0259,10:39,12:44,,,,,,,,,,
C4,07/31/25,0,0.25,25,12.93,150.8,81.1,11:09,max,150,F0259,10:39,12:44,,,,,,,,,,
C4,07/31/25,0,0.5,24.2,9.07,117.9,82.5,11:09,max,150,F0259,10:39,12:44,,,,,,,,,,
C1,07/31/25,0,0.1,25.5,9.56,117.2,66.1,11:14,max,152,F0260,10:47,12:46,,,,,,,,,,
C1,07/31/25,0,0.25,24.6,11.32,135.9,64.6,11:14,max,152,F0260,10:47,12:46,,,,,,,,,,
C1,07/31/25,0,0.5,24,11.08,129.5,63.2,11:14,max,152,F0260,10:47,12:46,,,,,,,,,,
B4,07/31/25,0,0.1,24.3,9.29,111.3,47.4,11:16,max,308,F0261,10:58,12:50,,,,,,,,,,
B4,07/31/25,0,0.25,23.9,9.53,111.17,47.2,11:16,max,308,F0261,10:58,12:50,,,,,,,,,,
B4,07/31/25,0,0.5,23.2,8.62,99.5,47.6,11:16,max,308,F0261,10:58,12:50,,,,,,,,,,
A3,07/31/25,0,0.1,26.2,5.98,73.6,40.04,11:55,max,405,F0263,11:20,12:57,,,,,,,,,,
A3,07/31/25,0,0.25,24.5,6.38,75.5,39.8,11:57,max,405,F0263,11:20,12:57,,,,,,,,,,
A3,07/31/25,0,0.5,23.1,2.69,28,42,11:59,max,405,F0263,11:20,12:57,,,,,,,,,,
B2,07/31/25,0,0.1,26,10.16,124.3,30.1,12:10,max,120,F0265,11:52,13:04,,,,,,,,,,
B2,07/31/25,0,0.25,24,11.89,129.5,28.8,12:11,max,120,F0265,11:52,13:04,,,,,,,,,,
B2,07/31/25,0,0.5,24.2,13.13,156.4,29.1,12:12,max,120,F0265,11:52,13:04,,,,,,,,,,
A4,07/31/25,0,0.1,25.2,7.93,98.9,46.8,12:15,max,299,F0266,12:03,13:07,,,,,,,,,,
A4,07/31/25,0,0.25,25.2,8.22,98.7,46.7,12:15,max,299,F0266,12:03,13:07,,,,,,,,,,
A4,07/31/25,0,0.5,24.3,7.28,84.4,47.1,12:16,max,299,F0266,12:03,13:07,,,,,,,,,,
C3,07/31/25,0,0.1,25.7,10.04,120.5,76.1,12:24,max,392,F0267,12:12,13:11,,,,,,,,,,
C3,07/31/25,0,0.25,25.7,9.56,114.14,74.4,12:24,max,392,F0267,12:12,13:11,,,,,,,,,,
C3,07/31/25,0,0.5,24.6,8.42,88.7,75.9,12:25,max,392,F0267,12:12,13:11,,,,,,,,,,
D4,07/31/25,0,0.1,26.8,9.19,116.6,103.6,12:34,0.33,359,F0268,12:20,13:12,,,,,,,,,,
D4,07/31/25,0,0.25,24.6,8.44,99.7,100.6,12:34,0.33,359,F0268,12:20,13:12,,,,,,,,,,
D4,07/31/25,0,0.5,23.8,2.08,23.5,136.2,12:34,0.33,359,F0268,12:20,13:12,,,,,,,,,,
D3,07/31/25,0,0.1,28.4,15.56,199.8,120.6,12:45,0.75,229,F0269,12:32,13:21,,,,,,,,,,
D3,07/31/25,0,0.25,25.1,6.27,61.9,120.9,12:46,0.75,229,F0269,12:32,13:21,,,,,,,,,,
D3,07/31/25,0,0.5,23.5,1.32,14.5,123.4,12:46,0.75,229,F0269,12:32,13:21,,,,,,,,,,
B1,07/31/25,0,0.1,28.2,8.63,107.2,47.7,12:54,max,74,F0270,12:43,13:25,,,,,,,,,,
B1,07/31/25,0,0.25,26.9,8.13,97.1,47.2,12:55,max,74,F0270,12:43,13:25,,,,,,,,,,
B1,07/31/25,0,0.5,25.3,6.79,79.9,50.3,12:55,max,74,F0270,12:43,13:25,,,,,,,,,,
A2,07/31/25,0,0.1,29.7,7.5,96.5,32.8,13:14,max,273,F0273,13:02,13:27,,,,,,,,,,
A2,07/31/25,0,0.25,27.3,6.95,86.5,32.9,13:14,max,273,F0273,13:02,13:27,,,,,,,,,,
A2,07/31/25,0,0.5,25.4,5.76,69.2,33.6,13:14,max,273,F0273,13:02,13:27,,,,,,,,,,
C2,07/31/25,0,0.1,28.6,9.77,126.2,60.3,13:25,max,NA,F0274,13:14,13:33,,missing GHG vial #,,,,,,,,
C2,07/31/25,0,0.25,27.3,13.12,167,67.1,13:25,max,NA,F0274,13:14,13:33,,missing GHG vial #,,,,,,,,
C2,07/31/25,0,0.5,25.8,11.05,130.6,71.5,13:27,max,NA,F0274,13:14,13:33,,missing GHG vial #,,,,,,,,
D2,07/31/25,0,0.1,23.3,8.21,105.7,101.2,11:30,0.1,NA,F0262,11:07,12:53,,missing GHG vial #  and tipped over tank,,,,,,,,
D2,07/31/25,0,0.2,22.8,7.89,80.3,101.1,11:30,0.1,NA,F0262,11:07,12:53,,missing GHG vial #  and tipped over tank,,,,,,,,
control 1,08/21/25,0.23,0.1,20.9,4.04,44.2,NA,10:27,NA,NA,NA,NA,NA,,,,,,,,,,
control 1,08/21/25,0.23,0.25,20.7,1.16,12.4,NA,10:28,NA,NA,NA,NA,NA,,,,,,,,,,
control 2,08/21/25,0.26,0.1,20.7,4.51,49.7,NA,10:30,NA,NA,NA,NA,NA,,,,,,,,,,
control 2,08/21/25,0.26,0.25,20.6,4.31,47.2,NA,10:30,NA,NA,NA,NA,NA,,,,,,,,,,
B3,08/21/25,0,0.1,21.8,8.89,101.6,NA,10:32,NA,NA,NA,NA,NA,100,100% alive,,,,,,,,
B3,08/21/25,0,0.25,21.9,9.17,104.8,NA,10:32,NA,NA,NA,NA,NA,,,,,,,,,,
B3,08/21/25,0,0.5,21.7,7.25,82.1,NA,10:32,NA,NA,NA,NA,NA,,,,,,,,,,
D1,08/21/25,-0.01,0.1,22.2,10.16,119.7,NA,11:00,NA,NA,NA,NA,NA,80,80% alive,,,,,,,,
D1,08/21/25,-0.01,0.25,22,5.23,61.3,NA,11:00,NA,NA,NA,NA,NA,,,,,,,,,,
D1,08/21/25,-0.01,0.5,21.5,3.57,39.2,NA,11:00,NA,NA,NA,NA,NA,,,,,,,,,,
A1,08/21/25,0,0.1,21.8,7.17,81.7,NA,11:10,NA,NA,NA,NA,NA,,,,,,,,,,
A1,08/21/25,0,0.25,22.1,8.04,91,NA,11:10,NA,NA,NA,NA,NA,,,,,,,,,,
A1,08/21/25,0,0.5,21.4,6.68,74.5,NA,11:10,NA,NA,NA,NA,NA,,,,,,,,,,
C4,08/21/25,0,0.1,21.7,11.09,134.1,NA,11:24,NA,NA,NA,NA,NA,100,100% alive but covered in algae,,,,,,,,
C4,08/21/25,0,0.25,22.4,11.75,135.2,NA,11:24,NA,NA,NA,NA,NA,,,,,,,,,,
C4,08/21/25,0,0.5,22.2,8.68,97.4,NA,11:24,NA,NA,NA,NA,NA,,,,,,,,,,
C1,08/21/25,-0.01,0.1,22.4,12.81,154.7,NA,11:33,NA,NA,NA,NA,NA,90,90% alive,,,,,,,,
C1,08/21/25,-0.01,0.25,22.5,11.88,137.1,NA,11:33,NA,NA,NA,NA,NA,,,,,,,,,,
C1,08/21/25,-0.01,0.5,22.4,10.79,122.1,NA,11:33,NA,NA,NA,NA,NA,,,,,,,,,,
B4,08/21/25,-0.01,0.1,22.4,8.35,95.5,NA,11:43,NA,NA,NA,NA,NA,100,100% alive but scum on plants,,,,,,,,
B4,08/21/25,-0.01,0.25,22.2,8.08,92.4,NA,11:43,NA,NA,NA,NA,NA,,,,,,,,,,
B4,08/21/25,-0.01,0.5,21.9,6.81,75.2,NA,11:43,NA,NA,NA,NA,NA,,,,,,,,,,
A3,08/21/25,0,0.1,22.3,8.3,97.2,NA,11:54,NA,NA,NA,NA,NA,,,,,,,,,,
A3,08/21/25,0,0.25,22.5,8.82,101.8,NA,11:54,NA,NA,NA,NA,NA,,,,,,,,,,
A3,08/21/25,0,0.5,22.2,7.15,84.6,NA,11:54,NA,NA,NA,NA,NA,,,,,,,,,,
B2,08/21/25,-0.01,0.1,22.8,8.61,99.6,NA,12:10,NA,NA,NA,NA,NA,90,90% alive,,,,,,,,
B2,08/21/25,-0.01,0.25,22.6,8.55,99.7,NA,12:10,NA,NA,NA,NA,NA,,,,,,,,,,
B2,08/21/25,-0.01,0.5,22.2,8.8,99.8,NA,12:10,NA,NA,NA,NA,NA,,,,,,,,,,
A4,08/21/25,0,0.1,22.5,8.23,94.2,NA,12:13,NA,NA,NA,NA,NA,,,,,,,,,,
A4,08/21/25,0,0.25,22.2,8.13,92.6,NA,12:13,NA,NA,NA,NA,NA,,,,,,,,,,
A4,08/21/25,0,0.5,22,6.88,76.3,NA,12:13,NA,NA,NA,NA,NA,,,,,,,,,,
C3,08/21/25,0,0.1,22.5,11.7,135,NA,12:16,NA,NA,NA,NA,NA,80,80% alive,,,,,,,,
C3,08/21/25,0,0.25,22.3,12.92,148.2,NA,12:16,NA,NA,NA,NA,NA,,,,,,,,,,
C3,08/21/25,0,0.5,21.7,7.22,84.8,NA,12:16,NA,NA,NA,NA,NA,,,,,,,,,,
D4,08/21/25,-0.01,0.1,24,10.38,127.8,NA,12:35,NA,NA,NA,NA,NA,80,80% alive,,,,,,,,
D4,08/21/25,-0.01,0.25,23.6,11.29,131.6,NA,12:35,NA,NA,NA,NA,NA,,,,,,,,,,
D4,08/21/25,-0.01,0.5,22.8,9.15,99.2,NA,12:35,NA,NA,NA,NA,NA,,,,,,,,,,
D3,08/21/25,-0.01,0.1,24.7,13.09,157.1,NA,12:35,NA,NA,NA,NA,NA,70,"70% alive, surrounded by algae",,,,,,,,
D3,08/21/25,-0.01,0.25,24.8,10.57,121,NA,12:35,NA,NA,NA,NA,NA,,,,,,,,,,
D3,08/21/25,-0.01,0.5,23.4,7.28,81.8,NA,12:35,NA,NA,NA,NA,NA,,,,,,,,,,
B1,08/21/25,0,0.1,22.9,7.55,91.5,NA,12:38,NA,NA,NA,NA,NA,95,95% alive,,,,,,,,
B1,08/21/25,0,0.25,23.1,8.38,97.8,NA,12:38,NA,NA,NA,NA,NA,,,,,,,,,,
B1,08/21/25,0,0.5,22.8,7.13,81.1,NA,12:38,NA,NA,NA,NA,NA,,,,,,,,,,
A2,08/21/25,0,0.1,24.2,7.18,86.2,NA,12:55,NA,NA,NA,NA,NA,,,,,,,,,,
A2,08/21/25,0,0.25,22.6,7.91,91.5,NA,12:55,NA,NA,NA,NA,NA,,,,,,,,,,
A2,08/21/25,0,0.5,22.6,6.44,75,NA,12:55,NA,NA,NA,NA,NA,,,,,,,,,,
C2,08/21/25,-0.01,0.1,23.8,9.49,112.9,NA,13:00,NA,NA,NA,NA,NA,95,95% alive,,,,,,,,
C2,08/21/25,-0.01,0.25,23.9,8.77,102.6,NA,13:00,NA,NA,NA,NA,NA,,,,,,,,,,
C2,08/21/25,-0.01,0.5,23.7,7.84,88.4,NA,13:00,NA,NA,NA,NA,NA,,,,,,,,,,
D2,08/21/25,NA,NA,NA,NA,NA,NA,NA,NA,NA,NA,NA,NA,,,,,,,,,,
control 2,09/01/2025,NA,NA,15.6,5.62,55.9,,,,50,,,,,,,,,,,,,
B3,09/01/2025,-0.1,0.1,14.9,8.79,85.1,,,,414,,,,,,,,,,,,,
B3,09/01/2025,-0.1,0.25,14.6,9.2,89.8,,,,,,,,,,,,,,,,,
B3,09/01/2025,-0.1,0.5,14.2,9.61,92,,,,,,,,,,,,,,,,,
D1,09/01/2025,-0.05,0.1,14.7,11.79,117.4,,,,10,,,,,,,,,,,,,
D1,09/01/2025,-0.05,0.25,15,11.55,109.5,,,,,,,,,,,,,,,,,
D1,09/01/2025,-0.05,0.5,14.7,10.38,99.7,,,,,,,,,,,,,,,,,
A1,09/01/2025,0,0.1,15.1,6.87,74,,,,185,,,,,,,,,,,,,
A1,09/01/2025,0,0.25,14.5,8.33,80.4,,,,,,,,,,,,,,,,,
A1,09/01/2025,0,0.5,14.2,8.55,82.4,,,,,,,,,,,,,,,,,
C4,09/01/2025,0,0.1,16.2,12.09,119.9,,,,392,,,,,,,,,,,,,
C4,09/01/2025,0,0.25,15.9,11.83,118.7,,,,,,,,,,,,,,,,,
C4,09/01/2025,0,0.5,15.4,11.92,118.3,,,,,,,,,,,,,,,,,
C1,09/01/2025,-0.05,0.1,15.5,9.28,91.7,,,,410,,,,,,,,,,,,,
C1,09/01/2025,-0.05,0.25,15.3,9.22,89.9,,,,,,,,,,,,,,,,,
C1,09/01/2025,-0.05,0.5,15,9.08,89.4,,,,,,,,,,,,,,,,,
B4,09/01/2025,-0.05,0.1,15.4,7.64,75.1,,,,73,,,,,,,,,,,,,
B4,09/01/2025,-0.05,0.25,15.5,7.43,73.1,,,,,,,,,,,,,,,,,
B4,09/01/2025,-0.05,0.5,14.8,7.85,77.6,,,,,,,,,,,,,,,,,
D2,09/01/2025,NA,NA,15.8,6.6,65.7,,,,297,,,,,,,,,,,,,
A3,09/01/2025,-0.02,0.1,16.8,8.7,89.4,,,,274,,,,,,,,,,,,,
A3,09/01/2025,-0.02,0.25,15.9,9.1,89.8,,,,,,,,,,,,,,,,,
A3,09/01/2025,-0.02,0.5,14.7,8.96,87.5,,,,,,,,,,,,,,,,,
B2,09/01/2025,0,0.1,16.1,8.1,81.3,,,,308,,,,,"snails -> 10 visible, maybe feces in water",,,,,,,,
B2,09/01/2025,0,0.25,15.4,7.73,76.1,,,,,,,,,,,,,,,,,
B2,09/01/2025,0,0.5,15.1,7.26,70.4,,,,,,,,,,,,,,,,,
A4,09/01/2025,0,0.1,17.8,6.65,65.4,,,,328,,,,,,,,,,,,,
A4,09/01/2025,0,0.25,16.8,6.92,69.7,,,,,,,,,,,,,,,,,
A4,09/01/2025,0,0.5,16.1,6.95,69.4,,,,,,,,,,,,,,,,,
C3,09/01/2025,-0.05,0.1,17.8,10.6,114.1,,,,78,,,,,,,,,,,,,
C3,09/01/2025,-0.05,0.25,17,10.6,107,,,,,,,,,,,,,,,,,
C3,09/01/2025,-0.05,0.5,15.5,10.13,101.5,,,,,,,,,,,,,,,,,
control 1,09/01/2025,NA,NA,16.1,2.9,28,,,,377,,,,,,,,,,,,,
D4,09/01/2025,-0.1,0.1,16.8,11.4,113.5,,,,,,,,,,,,,,,,,
D4,09/01/2025,-0.1,0.25,17.7,12.24,126.7,,,,,,,,,,,,,,,,,
D4,09/01/2025,-0.1,0.5,17.3,12.3,125.2,,,,,,,,,,,,,,,,,
D3,09/01/2025,-0.05,0.1,18.8,13.01,137.4,,,,,,,,,,,,,,,,,
D3,09/01/2025,-0.05,0.25,18.2,11.22,113.7,,,,,,,,,,,,,,,,,
D3,09/01/2025,-0.05,0.5,16.3,9.44,93.3,,,,,,,,,,,,,,,,,
B1,09/01/2025,-0.05,0.1,17.6,7.39,75.6,,,,74,,,,,,,,,,,,,
B1,09/01/2025,-0.05,0.25,17,7.13,72.7,,,,,,,,,,,,,,,,,
B1,09/01/2025,-0.05,0.5,16.5,7.24,73.7,,,,,,,,,,,,,,,,,
A2,09/01/2025,-0.05,0.1,18.1,6.75,72.9,,,,267,,,,,,,,,,,,,
A2,09/01/2025,-0.05,0.25,16.9,8.15,84.6,,,,,,,,,,,,,,,,,
A2,09/01/2025,-0.05,0.5,16.3,8.1,80.5,,,,,,,,,,,,,,,,,
C2,09/01/2025,-0.05,0.1,18.2,8.23,86.8,,,,122,,,,,,,,,,,,,
C2,09/01/2025,-0.05,0.25,17.8,8.2,84.6,,,,,,,,,,,,,,,,,
C2,09/01/2025,-0.05,0.5,17,8.11,83.1,,,,,,,,,,,,,,,,,